"","p_val","avg_log2FC","pct.1","pct.2","p_val_adj"
"Obp1a",2.73594597432353e-98,-310.215951340598,0.278,0.731,6.87515863887761e-94
"Ifitm2",5.87301806873289e-40,-3.01208528659536,0.117,0.341,1.47583071049189e-35
"Ifi213",3.27053666828655e-37,-4.88910716194535,0.025,0.15,8.21853159373727e-33
"Ifi27l2a",1.73160402927393e-35,-4.23577472610656,0.391,0.648,4.35134776516245e-31
"Lef1",7.60259386312366e-35,-7.22622332193355,0.019,0.128,1.91045581186434e-30
"Il7r",1.52716564454007e-34,-1.83903074595342,0.027,0.15,3.83761454816474e-30
"Map1b",1.08499103569707e-33,-10.133060794151,0.85,0.585,2.72647397360316e-29
"H2-Aa",2.41599439834083e-33,6.33121053607125,0.91,0.762,6.07115232359066e-29
"Vpreb1",5.86008248777265e-33,-14.4638191187266,0.012,0.101,1.47258012835239e-28
"Pafah1b3",4.84775919659765e-32,-6.10439082507286,0.122,0.327,1.21819340851302e-27
"Cplx2",4.73365787265652e-31,-1.59911976189984,0.03,0.15,1.18952088681986e-26
"Myb",4.77309977028431e-31,-3.24258461695491,0.044,0.184,1.19943224127475e-26
"Dpp4",2.87645478934834e-30,-2.09939986050152,0.059,0.213,7.22824324015344e-26
"Tubb4b",6.96888008035578e-30,2.96566799321713,0.887,0.63,1.7512098753926e-25
"Zfpm1",8.51385365673202e-30,-1.99832936186986,0.018,0.114,2.13944628540019e-25
"Lyz2",9.24169766175095e-30,-4.34787004199423,0.019,0.117,2.3223462054214e-25
"Tuba1a",1.49496558140546e-29,-10.938900561955,0.859,0.596,3.75669900951377e-25
"Sox4",2.30378214991054e-29,-11.1857745574658,0.061,0.211,5.7891741645102e-25
"Hnrnpa0",2.5525570168548e-29,-3.43586323938251,0.411,0.693,6.41432052765442e-25
"H2-Eb1",1.09580429101653e-28,1.51965800629505,0.895,0.717,2.75364660289544e-24
"Btg1",1.12954832939899e-28,37.0357517944655,0.983,0.946,2.83844199694671e-24
"Gnal",1.19277507666709e-28,-33.9712720414568,0.793,0.54,2.99732449015673e-24
"Stoml3",1.71958700923502e-28,-85.8477617710006,0.863,0.621,4.32115019550668e-24
"1700012B09Rik",1.95694065586383e-28,-4.32006532485188,0.028,0.139,4.91759617412021e-24
"Tmem176b",2.02932126240135e-28,-1.4844083937608,0.015,0.103,5.09948140028834e-24
"Plekhb1",9.02411410095904e-28,-5.6743558735693,0.081,0.244,2.26766963243e-23
"Fau",3.06069736296781e-27,23.947784556876,1,1,7.69122640340181e-23
"Akap12",1.12072280207115e-26,0.852582815714566,0.078,0.235,2.81626432932459e-22
"Bst2",1.32048430240326e-26,4.82561842159175,0.073,0.229,3.31824500350915e-22
"Obp2a",3.51257526163188e-26,90.8235093744466,0.058,0.202,8.82675037495475e-22
"Elof1",3.84186875088159e-26,-1.85686933383004,0.089,0.256,9.65423198409035e-22
"Atp1a1",7.67019893616469e-26,-1.50694489274729,0.869,0.619,1.92744429066883e-21
"H2-Ab1",4.25540269514646e-25,18.4573836759712,0.904,0.762,1.06934014326336e-20
"Arl6ip5",8.35977439637576e-25,-2.56191739453877,0.036,0.148,2.10072770806526e-20
"Tifa",9.64837655456395e-25,-3.53245066447764,0.059,0.193,2.42454054439638e-20
"Xaf1",1.03313514673172e-24,-1.90177664838798,0.023,0.117,2.59616531022214e-20
"Chga",1.40834284750231e-24,-7.24998035848277,0.719,0.475,3.53902474148856e-20
"Pgls",1.79708884811401e-24,-4.79506492744142,0.288,0.513,4.51590456642569e-20
"Brd1",3.37565634278132e-24,-1.03842290683802,0.068,0.213,8.48268682377518e-20
"Selenop",4.78792758583111e-24,-2.97667686557208,0.025,0.121,1.2031583230435e-19
"Nedd4",5.94716233852814e-24,-1.95661570272737,0.018,0.103,1.49446242404874e-19
"Dcdc2a",8.7225729716887e-24,-13.9470257263356,0.036,0.146,2.19189536205565e-19
"Arl5c",3.04909007844095e-23,6.33700180002348,0.097,0.258,7.66205845811427e-19
"Fstl5",3.6068887357083e-23,-8.16450152372223,0.743,0.507,9.06375070396139e-19
"Trim30a",4.18196256363353e-23,-1.11965766305652,0.095,0.256,1.05088537261547e-18
"Ifi209",4.76334065131837e-23,-4.10017403244968,0.208,0.424,1.19697987226979e-18
"Gpr183",7.39195918873199e-23,5.00347311758962,0.42,0.186,1.85752542453646e-18
"Tshz2",2.91156604824787e-22,-2.47889657829798,0.78,0.545,7.31647432264207e-18
"Omp",6.02745252028195e-22,-26.7202090305944,0.83,0.596,1.51463854382165e-17
"Dynll2",8.39647058664609e-22,-1.35557455793744,0.148,0.327,2.1099490937183e-17
"Atf3",9.25657736117395e-22,0.859220237798341,0.212,0.406,2.3260853250894e-17
"Xrcc6",1.14514256207278e-21,-1.42486237792386,0.049,0.166,2.87762874423269e-17
"Parp14",2.61368462972543e-21,-4.35040155200734,0.085,0.231,6.56792810603703e-17
"Ckb",5.11088974576692e-21,-3.61182876604408,0.824,0.585,1.28431548421377e-16
"Epcam",6.32135109014492e-21,-2.07342636830122,0.701,0.473,1.58849231544252e-16
"Zeb2",2.62016580740581e-20,-4.96318615601627,0.132,0.3,6.58421465743007e-16
"Fam129c",3.45739287247323e-20,-1.4604089111324,0.066,0.193,8.68808254923799e-16
"H2-Q4",5.01206537475803e-20,-1.65406006063254,0.077,0.215,1.25948190802295e-15
"Ucp2",5.89722827846054e-20,-5.95219011897219,0.375,0.605,1.48191449409435e-15
"Ppa1",6.23649788298018e-20,-0.979334716919362,0.062,0.186,1.56716955301409e-15
"Ifi47",6.58554108380118e-20,-3.81021355230709,0.036,0.135,1.6548806189484e-15
"Nsg1",4.8770432151335e-19,-18.0085396105935,0.695,0.475,1.2255521895309e-14
"Actb",1.04184128596566e-18,53.2470170456667,1,1,2.61804296750311e-14
"Prdx6",1.26650334666326e-18,-2.50212841302233,0.167,0.361,3.1825962598301e-14
"Mndal",2.9790176643079e-18,-2.20508283005838,0.278,0.48,7.48597348863933e-14
"Fam53b",1.65840793242934e-17,-1.09975717157278,0.08,0.204,4.16741329340168e-13
"Wfdc18",1.68371656790058e-17,338.996817059435,0.224,0.054,4.23101136347736e-13
"Mt1",1.88915077237885e-17,12.7244506218833,0.89,0.682,4.7472469759108e-13
"Plac8",2.02150062992968e-17,47.4927906228898,0.315,0.509,5.0798289329503e-13
"Akap9",3.01588652408828e-17,-3.46495173181176,0.317,0.543,7.57862124638145e-13
"Smchd1",3.73006033445832e-17,-1.86988053414099,0.288,0.487,9.37326861446031e-13
"Dnajc7",5.47520784249123e-17,5.7436141067604,0.289,0.473,1.37586497873962e-12
"Lgals9",6.20232095226139e-17,2.35375633443791,0.09,0.222,1.55858123209376e-12
"Aplp1",7.67792639368091e-17,-2.65516279146117,0.122,0.267,1.92938612346808e-12
"Ypel3",9.26325079279004e-17,2.07478131166611,0.277,0.502,2.32776229172021e-12
"Smarca4",9.75992754329227e-17,-5.876471482591,0.138,0.28,2.45257219235391e-12
"Stat1",1.04281588463746e-16,-0.513195708919569,0.152,0.309,2.62049203650547e-12
"mt-Nd3",2.06304937229451e-16,10.5733706886249,0.971,0.836,5.18423676763888e-12
"Hist1h1b",2.20179953706547e-16,-7.29697119668573,0.031,0.112,5.53290205669182e-12
"Tspo",3.29893246764834e-16,-1.67768691827192,0.194,0.37,8.28988739795351e-12
"Tfdp2",3.44549056940441e-16,-0.869134714126862,0.036,0.123,8.65817325185635e-12
"Eif2ak2",6.53179934955884e-16,-3.74941332636465,0.033,0.117,1.64137585855064e-11
"Sec63",1.53424767831217e-15,-3.54507241189129,0.12,0.258,3.85541099083066e-11
"Cd74",1.87199278050338e-15,3.30076531761273,0.976,0.868,4.70413065812695e-11
"Samhd1",1.90510933718397e-15,-6.31057074235947,0.287,0.462,4.78734925340959e-11
"Rnf213",1.99318694058719e-15,-2.38210251444553,0.056,0.157,5.00867946300154e-11
"Ifi214",2.05277143198636e-15,-2.49413827716874,0.088,0.213,5.15840933143853e-11
"Scn9a",2.50119911415732e-15,-1.09092407782024,0.089,0.211,6.28526325396594e-11
"Atf5",3.4602778917175e-15,-2.89852775324819,0.738,0.531,8.6953323140969e-11
"Slamf7",4.38664655837143e-15,-3.66320571176991,0.069,0.177,1.10232041365316e-10
"Ralbp1",4.9325492555922e-15,1.18350306780601,0.222,0.415,1.23950030243776e-10
"Ppp1ca",5.52052987873001e-15,-1.14438624062583,0.396,0.628,1.38725395322606e-10
"Mpp1",5.81428931535658e-15,-1.85411551789582,0.044,0.135,1.46107276205596e-10
"Trp53inp1",7.38441395387773e-15,-1.58036845516631,0.075,0.191,1.85562938246994e-10
"Pnisr",7.48421822862885e-15,-1.13046150330884,0.416,0.648,1.88070919867214e-10
"Trim30d",8.49534328014356e-15,-1.98121340512839,0.037,0.121,2.13479481286728e-10
"Stambpl1",1.06489396226762e-14,-3.57975304353632,0.046,0.137,2.67597203778231e-10
"Gm6619",1.24172896778955e-14,165.803315266552,0.075,0.191,3.12034072315836e-10
"Trim34a",1.98355448577994e-14,-1.14133942638989,0.067,0.175,4.98447406731641e-10
"Tor3a",2.40395483497862e-14,-3.95292596479747,0.031,0.108,6.04089810481778e-10
"Samsn1",2.59181459766902e-14,18.3938506028988,0.269,0.112,6.51297090248248e-10
"Rag1",3.00472970098511e-14,10.9604180201082,0.033,0.112,7.55058526560549e-10
"Tcf3",4.19201979602937e-14,-2.21213844483134,0.111,0.24,1.05341265454422e-09
"Vpreb3",5.85842594435847e-14,-10.1359538874177,0.399,0.531,1.47216385555784e-09
"Prep",7.27775744542414e-14,-2.90366781605645,0.037,0.117,1.82882766846063e-09
"Ifi206",9.75438851419153e-14,-2.16049649016069,0.034,0.11,2.45118028973119e-09
"Lynx1",1.16979822125016e-13,-0.636445312865217,0.052,0.143,2.93958595017953e-09
"Ddx46",1.32743888815554e-13,0.814266517757503,0.226,0.399,3.33572118204605e-09
"Mup4",1.58597722327808e-13,89.4806717168098,0.057,0.152,3.9854021643755e-09
"Ifi203",1.97318247521083e-13,-6.11619263212915,0.302,0.457,4.95841024195729e-09
"Siglecg",2.22953293202828e-13,-1.46659424802053,0.252,0.415,5.60259330489387e-09
"Ddx58",2.7770863778956e-13,-1.57364983683415,0.068,0.17,6.97854035901385e-09
"Pcp4l1",2.9764091664759e-13,-2.46389668341769,0.193,0.336,7.4794185944373e-09
"B2m",3.75187975263782e-13,-7.54259994886162,0.964,0.978,9.42809863040358e-09
"Arglu1",3.85075208593375e-13,-1.12332937531746,0.446,0.641,9.67655491674291e-09
"Mbd2",4.14201827309492e-13,0.664568256590641,0.094,0.213,1.04084777184602e-08
"Pde2a",4.1584673441598e-13,-0.545066754914236,0.034,0.108,1.04498125891392e-08
"Anp32a",4.77769453447363e-13,0.791319497605533,0.263,0.444,1.20058685956788e-08
"Mpc2",5.84398690498036e-13,-2.63761167565606,0.212,0.397,1.46853546935251e-08
"Ptprcap",1.0038242270233e-12,-3.54746375099688,0.556,0.713,2.52250990008685e-08
"H2-D1",1.06146437413291e-12,-6.74694897033934,0.942,0.969,2.66735382575859e-08
"Ndufa8",1.12250608328372e-12,-0.761803239029034,0.117,0.242,2.82074553668367e-08
"Rnf10",1.67665901840278e-12,-0.902974739272151,0.08,0.186,4.21327644734435e-08
"Psmb6",1.8823077485808e-12,-0.69818113237237,0.176,0.33,4.73005114140869e-08
"Cyb5a",2.05824287570111e-12,-1.03742530582943,0.356,0.504,5.17215852234933e-08
"Nono",2.35969438466171e-12,-0.873693521922266,0.192,0.343,5.92967601921641e-08
"Sec61g",2.5683797030718e-12,-1.57205364967353,0.86,0.731,6.45408135584914e-08
"Zbp1",3.02494932379808e-12,-3.89876978152111,0.035,0.108,7.60139515577218e-08
"Arf5",3.30167274400905e-12,-0.988273777966242,0.29,0.48,8.29677343842034e-08
"Bcl7a",3.99598640053344e-12,5.39291700377973,0.126,0.247,1.00415142259005e-07
"Map1lc3a",4.29683230731521e-12,-0.534192433149251,0.248,0.395,1.07975099050524e-07
"Qk",4.38551915615766e-12,-0.688627676691268,0.106,0.224,1.10203710875086e-07
"B3gnt2",4.46160640673217e-12,-2.88369024656643,0.136,0.258,1.12115707394773e-07
"Eif3h",6.11327837779703e-12,-5.73168346391503,0.516,0.733,1.53620572355662e-07
"Pkm",6.15047749005709e-12,0.760400839604982,0.836,0.643,1.54555348847645e-07
"Srsf1",6.16127880938123e-12,-0.985864917897798,0.13,0.258,1.54826775200941e-07
"Gm47283",7.18388601026014e-12,3.65491700737865,0.092,0.202,1.80523871551827e-07
"Stmn1",8.37169540452864e-12,-2.39502508848508,0.034,0.103,2.103723338204e-07
"Mrpl34",9.68805492331451e-12,-0.797276638078065,0.105,0.222,2.4345113216797e-07
"Edf1",1.01171275118264e-11,0.896929967550143,0.402,0.599,2.54233297244684e-07
"Gfy",1.01632330997572e-11,-18.9704402236027,0.676,0.493,2.55391884563799e-07
"Klhl6",1.76963638524248e-11,-0.968926447797716,0.122,0.24,4.44691927247582e-07
"Dgkz",2.00697518404176e-11,-1.37525515541869,0.035,0.105,5.04332793997854e-07
"Slc6a6",2.17371608739412e-11,-0.504475158063688,0.196,0.341,5.46233115601268e-07
"Commd3",2.27088364898325e-11,-1.23519351485864,0.081,0.182,5.70650352153001e-07
"Ezh2",2.3721277184132e-11,4.30757953930591,0.06,0.146,5.96091974360053e-07
"C1galt1",2.40572610980963e-11,-2.54880246721605,0.13,0.251,6.04534914134062e-07
"Lamtor4",2.84857902133892e-11,-0.97880646968498,0.128,0.249,7.15819422272258e-07
"Gng13",2.9409782767596e-11,-39.4001619839737,0.853,0.648,7.39038431166919e-07
"Mrpl43",2.96206767970246e-11,-0.593301824783406,0.125,0.247,7.44337987232432e-07
"Rtn3",3.04894244097181e-11,0.736055396644057,0.122,0.247,7.66168745991806e-07
"Trim12c",3.18259658674547e-11,-1.28167834340188,0.104,0.215,7.99754696283268e-07
"Atraid",3.46198532653224e-11,-1.14310205011636,0.072,0.166,8.69962292704287e-07
"Unc93b1",3.49491333385594e-11,-1.97270811049679,0.315,0.475,8.78236771664659e-07
"Paip2",3.55993032427451e-11,-0.51001111953801,0.3,0.478,8.9457489118694e-07
"Aplp2",4.20369278413434e-11,-5.99021746781471,0.891,0.702,1.05634595972512e-06
"H2-Q7",4.27973857955353e-11,-5.14244734499631,0.189,0.323,1.07545550765601e-06
"Ndufb5",4.89809247511104e-11,1.67066047289695,0.332,0.522,1.23084165807065e-06
"H2-DMb2",5.32116499928135e-11,2.16744412966034,0.507,0.35,1.33715555266941e-06
"Slfn8",5.40181685654521e-11,-1.42135269314773,0.054,0.137,1.35742255788125e-06
"Slfn5",5.68716813517574e-11,1.11941477649403,0.041,0.112,1.42912848068831e-06
"Itga4",6.34066547916103e-11,-0.99311865026861,0.247,0.386,1.59334582825837e-06
"Chd9",6.65755945244902e-11,-2.74183234085873,0.106,0.215,1.67297811480591e-06
"Pycard",6.97138526939462e-11,2.8880470466919,0.122,0.238,1.75183940434617e-06
"Irf9",7.21184219259774e-11,-3.12767239005452,0.086,0.186,1.81226382457788e-06
"Ly6e",7.77812541923606e-11,-3.726045940378,0.964,0.989,1.95456513659983e-06
"Nudc",8.00159835018293e-11,0.675543802946758,0.174,0.323,2.01072164941747e-06
"Sp100",9.76577677967525e-11,-1.48971555864266,0.356,0.513,2.45404204696459e-06
"Ifi35",1.05291924202058e-10,-1.82852145768316,0.059,0.143,2.64588076327353e-06
"Psmb10",1.37481757438186e-10,-0.805713658859571,0.141,0.265,3.45477908266419e-06
"Mgst3",1.46193510416957e-10,-0.780749950807138,0.204,0.334,3.67369672326772e-06
"Ogfrl1",1.52156514092826e-10,-2.55027292758643,0.035,0.101,3.82354104263862e-06
"Tmem50a",1.61587008381928e-10,-0.974586353177254,0.246,0.415,4.06051993362946e-06
"March5",1.79803416954814e-10,-1.65694342294081,0.073,0.164,4.51828006465751e-06
"Hist1h1e",1.81858642773798e-10,-1.21907506209843,0.278,0.417,4.56992583426278e-06
"Smc1a",1.826489211071e-10,-0.809788851890772,0.226,0.377,4.58978473850032e-06
"S100a5",1.89853683104469e-10,-36.0539930857741,0.867,0.677,4.77083320273219e-06
"Ogt",2.03917685031468e-10,-0.642938397944209,0.195,0.334,5.12424750715575e-06
"Rcsd1",2.15994767819359e-10,-7.42242029405187,0.184,0.309,5.42773252053267e-06
"Cnp",2.16651296165573e-10,-8.11827626679409,0.21,0.343,5.4442304213447e-06
"Atp1b3",2.45849437782783e-10,5.49983086169612,0.11,0.217,6.17795052204355e-06
"Rrm2b",2.49087339307102e-10,1.00261676752748,0.087,0.186,6.25931574944816e-06
"mt-Nd4l",2.52573643913193e-10,-4.24096219373996,0.93,0.8,6.34692309789462e-06
"Ube2e3",2.77521384747667e-10,-0.604820749785651,0.04,0.11,6.97383487732411e-06
"Stx5a",3.00861017622032e-10,-0.65140188415293,0.057,0.139,7.56033651182405e-06
"Lrmp",3.07001017012354e-10,-7.29080584613326,0.197,0.325,7.71462855650344e-06
"Stx16",3.18060555414991e-10,-1.53800004550708,0.074,0.166,7.9925436970233e-06
"Tm9sf3",3.43561324872525e-10,0.73209045354231,0.332,0.518,8.63335253272169e-06
"Ndufa11",4.54643375266946e-10,1.08852197752402,0.268,0.446,1.14247333770831e-05
"Chchd10",5.0303132290408e-10,-5.26709734579338,0.791,0.818,1.26406741132566e-05
"H3f3a",5.41055007321475e-10,-4.38245064772781,0.999,1,1.35961712789813e-05
"Tpt1",5.93110375803092e-10,28.1114765037403,1,1,1.49042706335559e-05
"Mdh2",5.99083272348831e-10,0.721810003009339,0.206,0.359,1.50543635508538e-05
"Oaz1",6.73051122621596e-10,1.00061590422347,0.995,0.987,1.69131016603581e-05
"Rpia",6.74423253344853e-10,-0.515521434112512,0.058,0.139,1.69475819333028e-05
"Mzb1",6.99762832777108e-10,-7.26073276145486,0.348,0.493,1.75843402248559e-05
"Stk11",7.08342564146858e-10,-1.00727163710069,0.072,0.161,1.77999402944464e-05
"Hnrnpa2b1",7.97017135042331e-10,-10.4561173601237,0.99,0.978,2.00282435864787e-05
"Zfp91",8.32900968523736e-10,2.21593961238821,0.432,0.592,2.0929968438033e-05
"Babam2",8.85920863877679e-10,-1.31110262580382,0.057,0.137,2.22623053883822e-05
"Dck",9.29248348710943e-10,-1.18961376155963,0.042,0.11,2.33510817547573e-05
"Clint1",9.64971738084333e-10,-1.04671107982905,0.203,0.343,2.42487748063212e-05
"Chmp4b",1.02423964725418e-09,-1.37350493428073,0.164,0.287,2.57381180958502e-05
"Cmtm7",1.14642283978998e-09,-6.99407441999592,0.238,0.354,2.88084595410824e-05
"Gpbp1",1.2712919486397e-09,-0.871389851264151,0.212,0.348,3.1946295377367e-05
"Lpin2",1.34003587932696e-09,-1.19439092262084,0.058,0.137,3.36737616116072e-05
"Epsti1",1.36547591299338e-09,-1.74304520376112,0.117,0.226,3.43130442176107e-05
"Rtraf",1.37846320568452e-09,-2.45417753268494,0.217,0.354,3.46394018956464e-05
"Immp1l",1.5702078983996e-09,-1.10627737342722,0.061,0.141,3.94577542788835e-05
"Rtf2",1.63800930934752e-09,-0.643705664400933,0.095,0.191,4.11615359345939e-05
"Mtdh",1.80727116252841e-09,9.79523747193723,0.395,0.576,4.54149170431764e-05
"Cdip1",1.88082979337375e-09,-0.93437465486152,0.058,0.137,4.72633718776889e-05
"Tmem163",1.96585099682444e-09,-1.27366055247016,0.038,0.103,4.93998696992013e-05
"Gtpbp2",1.97757582516222e-09,-2.13671167354803,0.097,0.195,4.96945029105014e-05
"Blnk",2.03371853666352e-09,-1.73737237035787,0.226,0.35,5.11053131078175e-05
"Nrd1",2.12714715109654e-09,-0.6364610801951,0.199,0.325,5.34530807599049e-05
"Parp1",2.19639338809557e-09,-1.27499597197361,0.256,0.392,5.51931694494536e-05
"Msh2",2.38630415957683e-09,-0.677570089887345,0.037,0.101,5.99654372260062e-05
"Golgb1",2.5002185395941e-09,0.574351299145369,0.118,0.224,6.28279916814602e-05
"Tia1",2.78238294167551e-09,1.18013026918747,0.136,0.247,6.99185009413639e-05
"Ndufs5",3.02177477092051e-09,0.794397182149624,0.221,0.381,7.59341782184616e-05
"Ubb",3.38002632508633e-09,5.31954900203463,0.997,0.993,8.49366815230943e-05
"Grn",3.54598630475155e-09,14.8180111659347,0.043,0.11,8.91070898521018e-05
"Hes6",3.56365887305813e-09,-2.23184649952172,0.046,0.114,8.95511838210778e-05
"Scand1",3.87397524210882e-09,0.886471017922973,0.259,0.41,9.73491238589526e-05
"Dync1li2",4.23221182571992e-09,-0.994323833753478,0.042,0.108,0.000106351250968516
"Psma5",4.77489784967813e-09,-2.08534771892137,0.155,0.271,0.000119988408064562
"Glul",5.00545760335255e-09,-0.593011470261807,0.039,0.103,0.000125782144114646
"Cdkn1b",5.2167162847273e-09,-1.66421553831826,0.193,0.318,0.000131090863518912
"Chd1",5.41298533865772e-09,0.521586928621479,0.139,0.253,0.00013602290857513
"Swi5",5.69832823985155e-09,0.881665582827782,0.21,0.354,0.00014319329033923
"Csnk2a2",5.8633957613316e-09,-0.880597629069829,0.049,0.119,0.000147341272086502
"Ppig",5.94584615716824e-09,0.908131752656944,0.263,0.43,0.000149413168083481
"Supt4a",6.24373076266585e-09,-0.573701705588568,0.257,0.395,0.00015689871033503
"Cox4i1",6.43282462967891e-09,8.34170517673246,0.993,0.984,0.000161650450119201
"4833420G17Rik",6.8021144834732e-09,-0.856012669126118,0.08,0.168,0.000170930334855198
"Tle5",8.04966988382705e-09,1.52561992358961,0.301,0.482,0.00020228015451069
"Slfn2",8.76504511050894e-09,-0.943381199103774,0.238,0.359,0.000220256818581979
"Pfdn6",8.80595293573669e-09,-1.2431615334167,0.105,0.202,0.000221284791322127
"Ddt",9.31788705734667e-09,-0.817673871065075,0.083,0.168,0.000234149183864064
"Spag9",9.5728635951865e-09,6.88141266524266,0.206,0.336,0.000240556489283442
"Fosb",1.00659458901286e-08,-15.2193957532769,0.317,0.464,0.000252947154273041
"Cacybp",1.01769864250597e-08,-0.613054572543106,0.132,0.24,0.000255737491875326
"Marcks",1.1247444819618e-08,-1.0151982386461,0.135,0.24,0.00028263704087218
"Ankrd11",1.17544945414999e-08,-2.54163376020832,0.452,0.655,0.000295378693333351
"Gm31243",1.39481759744485e-08,2.00709973416608,0.373,0.249,0.000350503714061917
"Rmnd5a",1.41913269973986e-08,-0.805842016849446,0.048,0.114,0.000356613856117629
"Sfpq",1.43109634825796e-08,-4.80129243818885,0.508,0.7,0.000359620201353743
"Zfp646",1.52570936205816e-08,-1.09480972060464,0.096,0.188,0.000383395505591595
"Kcnq1ot1",1.58999397430395e-08,34.4171471143361,0.219,0.336,0.000399549585802838
"Cd37",1.59036754249801e-08,-4.96940700653502,0.729,0.812,0.000399643459754326
"Prmt1",1.72833241420937e-08,-0.69493339508005,0.102,0.195,0.000434312652366673
"Med13",1.74634949820152e-08,1.32673529017696,0.162,0.274,0.000438840165403059
"Mrps25",1.81785361402932e-08,-1.07395603812271,0.048,0.114,0.000456808434669428
"Riok3",1.91557635397629e-08,-0.770872497178643,0.125,0.226,0.000481365181990701
"Ftx",2.09491624038065e-08,-0.53342860125665,0.049,0.117,0.000526431502045253
"Ube2b",2.11800681834428e-08,0.847258551393805,0.393,0.576,0.000532233933381735
"Gm26740",2.3923642101382e-08,-1.6010041002596,0.216,0.341,0.000601177202365628
"Pxdc1",2.43610812608848e-08,2.18475032763221,0.209,0.101,0.000612169611004775
"Ddx17",2.56812195060408e-08,-0.97424700927575,0.218,0.341,0.000645343364967299
"Higd2a",2.65712543402257e-08,-0.779811352220435,0.114,0.211,0.000667709050315532
"Txnip",2.696145758913e-08,-2.81832906640348,0.359,0.489,0.000677514467757248
"Obp1b",2.7224283013106e-08,11.5050423363167,0.26,0.417,0.000684119007836341
"Rcor1",2.81818034519391e-08,-1.4613273492704,0.064,0.137,0.000708180538943778
"Sart1",2.94072393418065e-08,-0.717752203514245,0.073,0.152,0.000738974517420255
"Uvrag",2.97562818319007e-08,-0.888628961367085,0.163,0.276,0.000747745606153834
"Atp2b1",3.45465115464572e-08,4.25801028756142,0.262,0.415,0.000868119288650924
"Chmp2b",3.47547080321987e-08,-1.00093879742752,0.051,0.119,0.000873351058141121
"Arpc5l",3.88456285074865e-08,-0.700634620875876,0.362,0.504,0.000976151798764629
"Pik3r1",3.95972152616556e-08,1.37132833911842,0.122,0.224,0.000995038422310143
"Atad2b",4.49306263931125e-08,-1.01732481230802,0.144,0.253,0.00112906171063252
"Rab24",4.68923672265254e-08,-0.905100382822982,0.062,0.135,0.00117835829603536
"Ano6",4.87230265262909e-08,-1.37312800191353,0.048,0.112,0.00122436093357916
"Snf8",4.93662827878072e-08,-0.5002963069494,0.113,0.209,0.00124052532017481
"Hnrnpu",5.33370210842557e-08,1.7599823933378,0.94,0.913,0.00134030600282626
"Morc3",5.78120125608772e-08,-0.968950213730143,0.122,0.217,0.00145275806364228
"Ahcyl1",5.98565724122659e-08,-0.779144471645762,0.062,0.135,0.00150413580814783
"Cep250",6.19393181760542e-08,-0.810839247065886,0.063,0.135,0.00155647312644607
"Atp6v1d",6.41507372202536e-08,0.509762171385515,0.104,0.197,0.00161204387560775
"Pou2af1",6.67541528735047e-08,-2.58156289316903,0.191,0.307,0.0016774651075583
"Psma6",6.82135136161838e-08,-1.20591085954239,0.138,0.242,0.00171413738366108
"Cfl1",6.85682601390467e-08,0.802874806588591,0.977,0.924,0.0017230518090341
"Itm2b",6.91579553822095e-08,1.69553220101711,0.976,0.948,0.00173787026079954
"Heatr6",7.08012197067979e-08,-0.648704856028633,0.058,0.128,0.00177916385001213
"Gpd1l",7.19572596104154e-08,-1.24000491513506,0.061,0.132,0.00180821397675013
"Smg6",7.32426755519601e-08,1.69570784163072,0.128,0.229,0.0018405151939452
"Timm13",7.44249359922042e-08,-0.771624960881767,0.217,0.348,0.0018702242165481
"Dmxl1",7.6644491692429e-08,0.791536086208366,0.243,0.363,0.00192599943173905
"Kansl1l",7.69690498450084e-08,-1.29387702238457,0.042,0.101,0.00193415525355521
"Herpud1",7.97380084176363e-08,-1.57990798572352,0.145,0.251,0.00200373641352678
"Mtss1",8.08452372128424e-08,-0.516558725027819,0.148,0.256,0.00203155996592152
"Tex261",8.53868408627274e-08,-1.10558213572376,0.077,0.155,0.00214568592403948
"Ube2a",8.88409293203244e-08,-2.87534030967223,0.099,0.186,0.00223248371289043
"Wdr83os",9.30477432431697e-08,-1.49810147338769,0.132,0.231,0.00233819673995761
"Psma2",9.44018506009758e-08,-0.656459924957906,0.477,0.635,0.00237222410375192
"Fibp",9.9446481648615e-08,-0.881370560928706,0.054,0.121,0.00249899063734805
"Cd52",1.04848765884912e-07,47.5724170867424,0.951,0.91,0.00263474463792195
"Sod1",1.11686896770729e-07,0.845352264543467,0.212,0.35,0.00280658002895166
"Gmfg",1.24163728107811e-07,-10.4290123111594,0.339,0.444,0.00312011032362118
"Mdp1",1.35569618744236e-07,-1.08726283666913,0.075,0.15,0.00340672894942392
"Thoc2",1.35571668861664e-07,0.661635255327762,0.177,0.28,0.00340678046682476
"Mrps21",1.36725252072783e-07,-0.560800325383936,0.185,0.296,0.00343576885933696
"Fam114a2",1.45898033652731e-07,-0.91684690225812,0.058,0.126,0.00366627168765948
"Atrx",1.46182449887021e-07,1.02586736258625,0.608,0.729,0.00367341878321095
"Hmgn3",1.47837452552648e-07,-1.11832736642328,0.281,0.399,0.00371500734519549
"Lamtor5",1.6478354402283e-07,-0.763821184224778,0.122,0.22,0.00414084567774969
"Zfp830",1.67898584612486e-07,-0.956562402999961,0.078,0.157,0.00421912353272715
"H2-K1",1.698891310423e-07,-8.32971574581956,0.912,0.939,0.00426914397396196
"Eef1a1",1.70925991995052e-07,24.051507145379,1,1,0.00429519925284366
"Aff3",1.72391392682502e-07,-0.850234067274778,0.136,0.233,0.00433202330671858
"Sdhaf4",1.74681179895787e-07,0.726803601548316,0.057,0.123,0.00438956336960123
"mt-Co3",1.84537863577707e-07,-1.47917357634032,1,1,0.00463725197384421
"Atp6v1e1",1.89443052844038e-07,1.41273066474733,0.222,0.363,0.00476051447491783
"Ciita",1.91073607405911e-07,1.22567343157787,0.282,0.175,0.00480148868050315
"Acbd3",2.02466403317132e-07,-0.529445134196089,0.121,0.215,0.00508777824895621
"Ankfy1",2.07810984535138e-07,-1.98096705243598,0.064,0.135,0.00522208223038349
"Exoc4",2.11687018817435e-07,0.933866727833952,0.045,0.105,0.00531948309586334
"Parp9",2.1488271729902e-07,-1.43707319264391,0.046,0.105,0.00539978780300706
"Lsm14a",2.15202689031473e-07,-0.906372244470058,0.12,0.211,0.0054078283726719
"Vcpip1",2.19739936346503e-07,-1.22978587196462,0.061,0.13,0.00552184486045127
"Coq7",2.24219803339298e-07,8.74496005696042,0.061,0.128,0.00563441943811322
"Pnpla8",2.35262465058107e-07,-1.25467985540373,0.106,0.191,0.00591191048444516
"Hsbp1",2.76692723811105e-07,-1.05944466747722,0.151,0.256,0.00695301145664925
"Apobec3",2.94833677596817e-07,-0.606490148784251,0.286,0.397,0.00740887548433041
"Heca",2.96853094102843e-07,-1.01087389624151,0.061,0.128,0.00745962140171033
"Hist1h1c",3.02436395363764e-07,-8.56696630464135,0.147,0.244,0.00759992417909602
"Top2b",3.08447012945995e-07,6.92221954904505,0.237,0.361,0.00775096498831992
"Adh5",3.15636111836915e-07,-0.549974048472991,0.093,0.173,0.00793161985434985
"Wwp2",3.31934280874602e-07,-0.585414698917219,0.058,0.123,0.00834117654409786
"Utrn",3.41916040405239e-07,-1.38599110977884,0.057,0.121,0.00859200817934325
"Cd79b",3.51419724361376e-07,-16.6227415545207,0.818,0.841,0.00883082625347701
"Chchd3",3.5460602419343e-07,-0.887645638529019,0.078,0.155,0.00891089478195669
"Slamf6",3.62442403506087e-07,-0.523007686967588,0.178,0.287,0.00910781515770447
"Clic1",3.74946207341765e-07,1.39875962731714,0.676,0.809,0.00942202324429122
"BC035044",3.75434058580245e-07,-0.887765364099042,0.049,0.11,0.00943428245806298
"Atp13a3",3.75621433424207e-07,0.897075263294325,0.062,0.132,0.0094389910005169
"Sumo1",3.80790953148764e-07,0.581158660972622,0.198,0.318,0.00956889586167528
"Psmd9",3.96362619504336e-07,-0.566716258782837,0.049,0.11,0.00996019626552445
"Uri1",3.98385271011488e-07,-2.03428041875206,0.067,0.137,0.0100110234752477
"Imp3",4.07120494558648e-07,2.04097430740956,0.149,0.249,0.0102305309077643
"Txndc9",4.59215440802445e-07,-0.750264876665979,0.098,0.184,0.0115396248119246
"Zfp207",4.64887960644091e-07,0.6027686785442,0.14,0.238,0.0116821695630254
"Ppp2ca",4.66664905069574e-07,-1.25980389641301,0.172,0.28,0.0117268223994933
"Fcer2a",4.71534083994681e-07,-1.80279242878963,0.362,0.258,0.0118491799967023
"Cd79a",4.81755058084475e-07,-10.0533730343537,0.956,0.937,0.0121060228546048
"H3f3b",5.01026904394064e-07,-11.0220702572282,1,1,0.0125903050805184
"Nsd3",5.30701335335364e-07,-2.13842383953808,0.196,0.305,0.0133359938556424
"Thrap3",5.42832448650101e-07,1.00846925556802,0.263,0.395,0.0136408366021284
"Selenot",5.45689597874942e-07,0.717656947151222,0.173,0.291,0.0137126339049994
"Eif2s2",5.61004324088562e-07,5.93790992966731,0.748,0.675,0.0140974776600215
"Nipbl",5.64690666383697e-07,2.89672235326021,0.288,0.415,0.0141901117555559
"Stk17b",5.65614424513975e-07,3.86995377606592,0.68,0.603,0.0142133248736117
"Snrpg",5.67438092167057e-07,1.90012390496423,0.805,0.771,0.014259151818066
"Rest",5.93252242396912e-07,-0.77608201470526,0.13,0.22,0.014907835599192
"Sap30l",5.97787374919589e-07,-0.673355157534365,0.049,0.108,0.0150217989443543
"Jun",6.0462660253169e-07,-4.251797411738,0.918,0.818,0.0151936618950188
"Otud5",6.08525996687467e-07,-0.857812035738795,0.054,0.117,0.0152916497707594
"Gm20559",6.37063956617268e-07,-2.41597348365498,0.152,0.253,0.0160087801658353
"Plec",6.42086163524141e-07,-0.698538316579635,0.053,0.114,0.0161349832031981
"Hnrnpul1",6.83992520766416e-07,2.6879254613925,0.151,0.249,0.0171880480543393
"Dcaf11",6.90514985446436e-07,-0.663382357915836,0.077,0.15,0.0173519510692835
"Rab2a",7.2079258475678e-07,-0.555934603037367,0.424,0.556,0.0181127968623531
"Psme2",7.89058668287519e-07,-3.35327473315007,0.219,0.327,0.0198282552753971
"Hsp90ab1",8.20646485838184e-07,15.370451287934,0.999,0.998,0.0206220255426277
"Hdac7",8.30553570747853e-07,-1.47424750378531,0.088,0.166,0.0208709806793228
"Strbp",8.33664456486612e-07,-0.580184850502071,0.315,0.482,0.0209491541270521
"Actr10",8.43394229310494e-07,-0.617574136375959,0.079,0.15,0.0211936535883434
"Zup1",8.58517604145259e-07,-0.534354035817587,0.181,0.289,0.0215736888745662
"Pfn1",8.61397624140452e-07,15.0909997674535,0.993,0.975,0.0216460608970254
"L3mbtl3",9.31664933110226e-07,-0.672073317168588,0.048,0.105,0.0234118081041269
"Hp1bp3",9.58919007887856e-07,1.70263513879379,0.17,0.28,0.0240966757492139
"Cxcr4",9.63017018029494e-07,2.63781181643651,0.358,0.26,0.0241996546460631
"Rab43",9.72021470977898e-07,-0.676609691656515,0.068,0.137,0.0244259275442036
"H2-Q6",1.00103442638572e-06,-0.628207192195044,0.083,0.157,0.0251549941006468
"Ifi27",1.00923074604705e-06,-3.11961098932005,0.069,0.139,0.0253609594174163
"Baz2b",1.02530821660427e-06,-0.617400165858077,0.218,0.33,0.0257649701750488
"Lamp1",1.18662522931668e-06,1.24966274673245,0.776,0.637,0.0298187053874988
"Tfrc",1.27680877373946e-06,0.733389640372425,0.051,0.11,0.0320849276752989
"Sltm",1.29027779177751e-06,1.13146708843929,0.239,0.363,0.032423390629577
"Asf1a",1.30465000150582e-06,-0.615094637519858,0.058,0.121,0.0327845498878397
"Hikeshi",1.51361021971668e-06,-1.04746593881447,0.05,0.108,0.0380355112112605
"Uqcrq",1.54864955748471e-06,2.85690342325137,0.844,0.715,0.0389160147300334
"Gtf2i",1.5912807909024e-06,-1.16288547006696,0.054,0.114,0.0399872949945865
"Cxxc5",1.6254630891629e-06,-0.588055920297454,0.091,0.166,0.0408462619675745
"Plekho1",1.6288349513778e-06,-1.68109927238772,0.132,0.22,0.0409309934931727
"Arid2",1.63599457557925e-06,-0.872891690479584,0.059,0.121,0.0411109076897309
"Scp2",1.66882693487836e-06,0.576978264493312,0.384,0.536,0.0419359520465582
"Snrpc",1.81467445761377e-06,-1.66762659867309,0.124,0.211,0.0456009544453764
"Eif6",1.83174523827568e-06,-0.581964839295973,0.101,0.182,0.0460299260926295
"Dock8",1.86418474813438e-06,-0.559785443503498,0.167,0.265,0.0468450985358689
"Tcf4",1.86640308213672e-06,3.46820028531247,0.262,0.39,0.0469008430510136
"Nol7",1.91691305745553e-06,1.40302700543096,0.458,0.639,0.0481701082207999
"Topors",1.91945783328746e-06,-1.25410721527122,0.075,0.143,0.0482340558926805
"Oga",1.92389864148269e-06,-1.99831750148981,0.116,0.202,0.0483456489618185
